101,102,103,104
101,沙,邑,绯
102,支,干,赫
103,余,剑,瑛
104,贲,臻,清
105,赵,凡,伊
106,申,鞯,梦
107,巫,逊,莹
108,紫,蹇,野
109,方,涔,茗
110,诸,紊,颖
111,元,珩,嫣
112,邓,嵩,玟
113,商,达,樱
114,萧,豪,姝
115,乔,烙,珇
116,师,鞅,彤
117,柳,冥,绒
118,朱,八,山
119,卜,匪,灵
120,单,惮,绫
121,李,寇,葶
122,姚,戾,芯
123,燕,雍,淑
124,冷,博,颖
125,叶,鑫,雨
126,黄,匕,蝉
127,尤,铭,捷
128,顾,靖,珺
129,杭,弼,荷
130,周,寂,敏
131,邵,错,西
132,牧,厄,云
133,水,凉,沐
134,唐,空,蔷
135,许,山,鹤
136,穆,应,蓓
137,洪,密,美
138,郑,孝,冰
139,狄,骞,和
140,侯,邪,姣
141,寇,金,莎
142,吕,清,娟
143,尹,斌,莓
144,包,莆,悦
145,王,桐,之
146,宋,笙,楠
147,秋,纹,苑
148,花,伤,婷
149,盛,强,羽
150,祝,谦,心
151,江,慷,思
152,陶,法,瑚
153,禹,分,纯
154,崔,究,菊
155,蒋,蹄,琼
156,郦,蒙,毓
157,仇,邦,昭
158,曲,原,依
159,蒲,至,影
160,屈,邰,绵
161,吉,斟,眉
162,沈,中,娴
163,童,悦,黛
164,祖,属,菲
165,米,淳,佳
166,柏,唯,琴
167,项,飞,萤
168,钮,九,巧
169,韩,壁,澜
170,颜,式,舞
171,武,鄂,融
172,谈,永,瑾
173,段,功,珠
174,龙,流,盈
175,红,越,芫
176,汲,珣,莺
177,章,冉,芝
178,董,驱,璎
179,龚,墨,姿
180,杨,黎,芙
181,白,晟,萃
182,和,罗,茈
183,潘,都,芾
184,粱,寒,柔
185,程,路,涫
186,秦,授,珴
187,韶,喆,沁
188,计,赋,秀
189,彭,学,襄
190,罗,泽,玲
191,荣,伦,卿
192,何,眉,琳
193,郜,纨,惠
194,常,辉,芮
195,昌,冰,萍
196,席,嘉,静
197,荀,悟,娅
198,施,全,菁
199,蔺,可,湘
200,查,麟,蕾
201,祁,霆,不可
202,马,驳,断秋
203,阎,钓,若之
204,羊,捕,沧海
205,孔,疾,如花
206,徐,隶,风华
207,平,败,靖琪
208,酆,威,煜祺
209,贾,沅,子默
210,於,悲,飞雪
211,魏,想,盼秋
212,邱,翎,秋寒
213,奥,羿,慕蕊
214,鲍,誉,尔蓝
215,行,戎,稚晴
216,惠,枫,雪一
217,戚,擎,菲音
218,闵,靳,血茗
219,岳,凛,艳一
220,岑,汲,冰姬
221,黎,涛,莫英
222,甄,坤,双双
223,谢,震,妖妖
224,樊,茂,紫伊
225,游,飘,依依
226,谭,宴,清莲
227,雷,选,香寒
228,鄂,义,偌彤
229,邹,哲,琰霜
230,温,亨,南莲
231,牛,贝,若南
232,湛,离,以蕊
233,夏,胄,沛珊
234,家,戈 ,碧凡
235,卓,玄,雅黛
236,凌,隆,代云
237,姬,莲,醉易
238,滕,钧,怀亦
239,高,绍,梦松
240,梅,苑,飞瑶
241,窦,汉,念露
242,霍,宽,新蕾
243,曹,让,千音
244,聂,晖,如霜
245,蔡,次,之瑶
246,宓,译,傲蕾
247,翟,声,之柔
248,虞,京,冰枫
249,孙,树,天荷
250,权,昌,谷丝
251,蓝,耷,韵叶
252,廉,焱,楠楠
253,田,磬,婕芬
254,符,井,愈瑶
255,苏,虔,洁美
256,柯,函,馨虹
257,文,富,琼苑
258,毕,契,珊毓
259,万,翰,冉洁
260,刘,乌,彩丹
261,范,罡,云育
262,乌,摆,霞露
263,封,焦,蓬炎
264,郝,鸿,雪静
265,景,胜,慧枫
266,鲁,稀,可媛
267,缪,鹰,璐淑
268,佟,骁,嘉黛
269,史,仰,从云
270,咎,城,万忆
271,詹,勒,傲芙
272,韦,炳,翎萱
273,叔,扬,婠婠
274,晁,斩,辛娷
275,姜,垣,泠音
276,凤,翼,娜娅
277,邬,旋,君姬
278,管,易,艺琼
279,钱,吾,黛玛
280,苗,岱,姬真
281,莘,芒,琰彩
282,戈,申,珍娴
283,安,比,岚婉
284,卢,丹,娅蓉
285,吴,斧,宁玉
286,阮,烛,芝珍
287,郁,融,禹蓓
288,金,回,梦眉
289,茹,龙,环娜
290,经,计,琦姣
291,张,亥,迪艺
292,任,先,妙真
293,嵇,野,德秀
294,左,兆,小纪
295,于,升,雨瞳
296,房,朗,冷弯
297,喻,岩,浅沫
298,袁,乱,米修
299,邢,竿,彩云
300,伯,聊,夏沫
301,时,谅,幼旋
302,傅,缮,蕞薇
303,裘,璧,幼南
304,俞,遇,诗云
305,卞,绔,书芹
306,向,超,水云
307,幸,承,访琴
308,费,锦,妙海
309,弓,佳,绮丽
310,裴,毅,芷烟
311,焦,魁,鸣凤
312,连,基,一一
313,解,遁,无颜
314,纪,斑,如雪
315,薛,福,妖丽
316,陆,歌,雪冥
317,厉,忌,不惜
318,齐,楚 ,凤凰
319,应,彬,幻嫣
320,骆,使,绣莲
321,贺,样,幻姬
322,翁,台,莹芝
323,汤,饮,岂愈
324,伍,昔,问晴
325,禄,新,清秋
326,毋,育,诗曼
327,芮,布,丛蓉
328,松,晨,诗音
329,后,乾,紫微
330,寿,入,雨寒
331,邰,峰,晓亦
332,梁,符,青柳
333,宁,林,宛儿
334,贝,护,曼香
335,宫,勇,灵槐
336,东,贵,幼翠
337,钭,策,亦予
338,奚,心,靖柏
339,廖,铣,乐枫
340,简,霸,静曼
341,仰,雄,千兰
342,宿,度,心蕾
343,索,闪,伊蝶
344,夔,浩,丹珍
345,盍,星,尔珍
346,暴,静,易梦
347,却,景,亦瑶
348,广,普,凡蕾
349,玉,栋,书兰
350,养,恒,白晴
351,宗政,续,幻珊
352,百里,箴,从寒
353,赫连,坚,紫寒
354,东方,兴,元霜
355,南宫,行,书琴
356,西门,焰,熙雯
357,北山,奇,佳琦
358,上官,谒,段雪
359,轩辕,办,明泪
360,诸葛,航,离舞
361,太叔,顺,玉妍
362,夏侯,政,楚红
363,尉迟,冠,芒瑗
364,闾丘,振,轻琳
365,乐正,息,彩晓
366,司徒,康,晓姣
367,司空,耿,璩丹
368,司马,才,霭惠
369,公冶,制,霄娜
370,濮阳,酿,梅瑾
371,欧阳,启,井莺
372,淳于,培,梦玉
373,宇文,羽,雨雪
374,独孤,耀,秋蝶
375,公孙,募,千青
376,子书,祥,雅绿
377,令狐,伟,君瑜
378,长孙,缺,翠艳
379,白玉,霄,戎妹
380,谷梁,衎,黛竹
381,钟离,楠,珍珊
382,慕容,岚,草琬
383,归海,痕,香琰
384,子车,朋,惠慧
385,拓跋,炙,扈瑶
386,皇甫,逍,韵素
387,澹台,遥,雪颖
388,闻人,宁,瑶玲
389,呼延,风,菡芝
390,申屠,明,宜萍
391,仉督,浪,举婵
392,端木,照,纹翠
393,达奚,奎,孟惠
394,即墨,善,涵蕾
395,木易,理,雪曼
396,黑齿,乐,湘花
397,耶律,伯,丽娜
398,完颜,成,羽馨
399,戏阳,爽,浅瑜
400,纥于,霭,紫韵
401,纳兰,子童,千愁
402,师妃,飞雨,若颜
403,弘山,大师,涟妖
404,五云,苦桑,芙蓉
405,青山,多玛,宫苴
406,黄埔,守绪,涔雨
407,秋叶,浮生,莫茗
408,奔水,庆之,可仁
409,多子,象爻,青荷
410,千代,灵道,梨愁
411,壤四,元化,缘郡
412,脱脱,封岳,幻雪
413,修鱼,重吾,不悔
414,猗卢,云霄,冥茗
415,湛泸,万鹤,起眸
416,揭爱,破云,惋清
417,斛斯,武炫,夜阑
418,鲜于,老祖,金连
419,相里,东主,飞凤
420,由吾,木龙,善斓
421,万俟,明馨,蛟凤
422,空桐,甘裕,玉兰
423,柳下,甘池,惜弱
424,安期,元明,苑睐
425,毗卢,引枫,媚颜
426,念奴,金辰,惜文
427,危雨,那磁,语琴
428,沙,郎帝,碧彤
429,支,舒予,曼易
430,余,符海,如萱
431,贲,向斗,慕灵
432,赵,裕朗,凝天
433,申,龙奇,晓霜
434,巫,成子,半梦
435,紫,乜岚,书翠
436,方,阳心,梦柏
437,诸,统策,访卉
438,元,健亮,冰夏
439,邓,戈憬,靖雁
440,商,纵心,以亦
441,萧,腾时,心波
442,乔,浦冰,千琴
443,师,新庆,翠萱
444,柳,族学,亦寒
445,朱,真卿,海莲
446,卜,富雄,宛海
447,单,钭谋,紫蓝
448,李,朋贵,安蕾
449,姚,先华,书瑶
450,燕,梅航,代荷
451,冷,诚行,忆梦
452,叶,见云,雪柳
453,黄,锦晶,青菱
454,尤,超涛,从彤
455,顾,洲辉,醉蓝
456,杭,发心,婳祎
457,周,义俊,琪涵
458,邵,景擂,正梅
459,牧,干影,美琳
460,水,功政,娅楠
461,唐,绍永,静朗
462,许,干汪,如玉
463,穆,子虔,珈姒
464,洪,文通,云箩
465,郑,士让,秀宁
466,狄,世惮,箫瑗
467,侯,逆天,荣娜
468,寇,皓德,菲莎
469,吕,耀光,娥雪
470,尹,逍遥,萍娣
471,包,倾扬,昭莲
472,王,轩珞,婕芝
473,宋,无珏,昭琴
474,秋,离殇,桓媛
475,花,璟扬,雅蕊
476,盛,南问,千柔
477,祝,徽羽,落雁
478,江,惊蛰,秀芳
479,陶,道北,青璇
480,禹,德玄,玉真
481,崔,后利,玉致
482,蒋,羽凡,秀洵
483,郦,慕雨,无双
484,仇,望祖,秋凤
485,曲,影阳,汪亚
486,蒲,海涛,帽红
487,屈,祖扬,霄姣
488,吉,笑天,纨毓
489,沈,台柳,璐娣
490,童,林西,飘菲
491,祖,奉孝,仪莲
492,米,尘易,诗枫
493,柏,巴多,桂美
494,项,逄纯,湘梦
495,钮,虞子,艳姬
496,韩,盍厚,兮兮
497,颜,全刚,圆殊
498,武,江策,兼葭
499,谈,道士,红泉
500,段,上人,丽雯
501,龙,亿先,含玉
502,红,道之,书蕾
503,汲,人达,灵雁
504,章,人杰,小萱
505,董,老四,紫青
506,龚,十三,妙菱
507,杨,绝施,冬寒
508,白,如豹,觅海
509,和,乘风,雅山
510,潘,乘云,以菱
511,粱,大楚,梦瑜
512,程,远锋,访枫
513,秦,难摧,含卉
514,韶,浩天,醉薇
515,计,天奇,凌雪
516,彭,世德,绮菱
517,罗,世立,香薇
518,荣,浩阑,姬雅
519,何,无招,飞凌
520,郜,铸海,雪宜
521,常,子轩,洛丝
522,昌,哲瀚,燮沨
523,席,天磊,川源
524,荀,鑫磊,语嫣
525,施,伟宸,菲烟
526,蔺,子骞,靖瑶
527,查,越彬,瑾萱
528,祁,明轩,艳彩
529,马,懿轩,姣冰
530,阎,宏暄,蓉环
531,羊,烨华,岚瑗
532,孔,立诚,云娅
533,徐,鹭洋,瑶韵
534,平,松思,英璧
535,酆,鸿煊,赫琳
536,贾,乐驹,余晶
537,於,立果,萱燕
538,魏,鹏飞,美芝
539,邱,冷之,素娥
540,奥,沛山,蓓瑶
541,鲍,友绿,鞠慧
542,行,飞风,艺寒
543,惠,平文,君灵
544,戚,尔阳,琼兰
545,闵,行云,馨云
546,岳,慕青,惠荷
547,岑,海安,瑾秀
548,黎,元风,茗莲
549,甄,从安,纨娣
550,谢,晃学,芬兰
551,樊,不思,怜菡
552,游,茹寿,平蝶
553,谭,蒸华,语兰
554,雷,水轮,安妮
555,鄂,茜勤,语蓉
556,邹,柔思,寒香
557,温,凤菁,惜君
558,牛,稼轮,恨玉
559,湛,群元,曼文
560,夏,策民,傲珊
561,家,鹏毅,静璇
562,卓,功进,茹雪
563,凌,继迁,央桑
564,姬,光俨,摩珂
565,滕,夏天,梦筠
566,高,无月,茜希
567,梅,扎西,妍羽
568,窦,三星,卿黛
569,霍,克敌,雪艺
570,曹,十六,茜雅
571,聂,穆尘,巢眉
572,蔡,十一,若寒
573,宓,承宗,水瑶
574,翟,仁嘉,之玉
575,虞,风清,迎曼
576,孙,庆朗,念梦
577,权,和游,梦寒
578,蓝,阴二,君嫱
579,廉,风致,琬晶
580,田,宇卿,君倬
581,符,小夭,媚媚
582,苏,端公,如茵
583,柯,庆海,采婷
584,文,永烈,环真
585,毕,素察,芊芊
586,万,鲲鹏,玉婷
587,刘,庆福,琳娜
588,范,半闲,纯寒
589,乌,割虏,芳晓
590,封,一勉,珊薇
591,郝,子春,戈琰
592,景,锦夏,慧宜
593,鲁,秉善,悦媛
594,缪,保家,之晶
595,佟,幸林,与之
596,史,尊者,药眠
597,咎,金光,湘舞
598,詹,邢航,木娜
599,韦,荔仪,依可
600,叔,以邦,若姌
601,晁,三德,姖
602,姜,一德,疑
603,凤,剑成,玉
604,邬,剑封,筝
605,管,似狮,姒
606,钱,世开,琦
607,苗,恶天,莞
608,莘,广山,素
609,戈,定帮,苡
610,安,不言,愫
611,卢,追命,怡
612,吴,无敌,芳
613,阮,天与,兰
614,郁,天寿,若
615,金,无血,颜
616,茹,一鸣,夜
617,经,文龙,暄
618,张,士晋,荧
619,任,老黑,雪
620,嵇,无极,蕊
621,左,睿渊,楚
622,于,楷瑞,旻
623,房,绍辉,潇
624,喻,鹏煊,夏 
625,袁,博超,珊
626,邢,鹏涛,凰
627,伯,明辉,可
628,时,煜城,莉
629,傅,苑博,燕
630,裘,博涛,月
631,俞,智宸,洁
632,卞,立轩,婕
633,向,立辉,雉
634,幸,鹏笑,琛
635,费,晓博,滢
636,弓,文博,舫
637,裴,锦程,彩
638,焦,问筠,妍
639,连,代丝,蓉
640,解,觅松,晶
641,纪,寄灵,馨
642,薛,醉山,婉
643,陆,谷槐,娣
644,厉,摇伽,英
645,齐,尔岚,玳
646,应,不平,珂
647,骆,怀蝶,玹
648,贺,夏槐,榕
649,翁,挺柏,叶
650,汤,警厚,宁
651,伍,宁和,媛
652,禄,青山,芸
653,毋,天勤,菱
654,芮,了原,茵
655,松,式雍,珈
656,后,公伏,香
657,寿,孟仲,婀
658,邰,胥荒,琤
659,梁,堵钧,湮
660,宁,星泰,笙
661,贝,沃振,岚
662,宫,元维,薇
663,东,朔卿,落
664,钭,宙龙,霞
665,奚,岛悦,铃
666,廖,掘淑,馥
667,简,益翔,淑
668,仰,谅达,琰
669,宿,珠园,艳
670,索,琰咏,爱
671,夔,般若,婵
672,盍,密多,璐
673,暴,修竹,竹
674,却,松子,雅
675,广,铁罗,青
676,玉,青纹,凝
677,养,天蒙,珍
678,宗政,不缺,忆
679,百里,华元,信 
680,赫连,一江,蕴
681,东方,之源,容
682,南宫,钩子,凤
683,西门,应星,贞
684,北山,乃印,璃
685,上官,罗斯,珶
686,轩辕,志镐,瑜
687,诸葛,那多,仪
688,太叔,席革,琯
689,夏侯,布格,娇
690,尉迟,少卿,琬
691,闾丘,伍德,韵
692,乐正,基范,苔
693,司徒,惜风,言
694,司空,洛夫,芬
695,司马,大棒,波
696,公冶,丰实,蒙
697,濮阳,赫雷,席
698,欧阳,予良,钰
699,淳于,清海,妤
700,宇文,临泉,熙
701,独孤,酬海,海亦
702,公孙,成败,初晴
703,子书,冥幽,盼旋
704,令狐,天问,灵修
705,长孙,剑愁,尔曼
706,白玉,豪英,念波
707,谷梁,擎汉,雅扬
708,钟离,一笑,谷波
709,慕容,复天,笑白
710,归海,忘幽,芷玉
711,子车,士萧,寻菡
712,拓跋,山河,沛白
713,皇甫,严青,平灵
714,澹台,成危,亚男
715,闻人,中道,唯雪
716,呼延,仇天,茗茗
717,申屠,不斜,如冰
718,仉督,成风,初音
719,端木,道天,灵煌
720,达奚,一斩,东蒽
721,即墨,道消,宝川
722,木易,不二,嫣然
723,黑齿,不正,婷冉
724,耶律,无施,芸遥
725,完颜,道罡,芝桃
726,戏阳,无剑,玉珊
727,纥于,无声,心柔
728,纳兰,不凡,安晴
729,师妃,断天,翎梦
730,弘山,靖仇,紫翠
731,五云,百招,寻真
732,青山,不尤,映易
733,黄埔,远侵,寒云
734,秋叶,千万,夏菡
735,奔水,若风,冰蓝
736,多子,千筹,梦曼
737,千代,一刀,访旋
738,壤四,随阴,笑蓝
739,脱脱,若剑,书雪
740,修鱼,碧空,觅波
741,猗卢,棱鞍,芷蕾
742,湛泸,迎松,蕾蕾
743,揭爱,孤风,盼山
744,斛斯,众安,半芹
745,鲜于,无色,冰露
746,相里,无心,青槐
747,由吾,若冰,夏青
748,万俟,踏歌,芷蕊
749,空桐,魂幽,菡瑜
750,柳下,乜刹,秋翠
751,安期,圣承,湛萤
752,毗卢,夔洲,影琼
753,念奴,黄园,菲桂
754,危雨,真风,馥馥
755,沙,炼士,颖娟
756,支,峪谷,柔香
757,余,泽南,妍璐
758,贲,真言,佳星
759,赵,仲宣,真婉
760,申,罗摩,姬芳
761,巫,生春,宁山
762,紫,守玄,扶茗
763,方,思仁,楚凝
764,诸,天越,颖莉
765,元,奉义,健婕
766,邓,昌恒,武梦
767,商,占道,璐采
768,萧,望洁,筠晶
769,乔,龙琛,历媛
770,师,对欢,离薇
771,柳,申哲,屋娜
772,朱,士海,问薇
773,卜,松士,雅阳
774,单,默武,忆香
775,李,枝秋,青穗
776,姚,心天,莎芳
777,燕,挥琦,明星
778,冷,荣倩,茗馨
779,叶,题兴,云馨
780,黄,版诚,荔希
781,尤,振良,媛青
782,顾,瑞飘,誓雅
783,杭,亨瑞,蒲英
784,周,盖天,菊红
785,邵,天群,伊琳
786,牧,乃堂,璧琰
787,水,广陵,蕊琛
788,唐,天志,莎素
789,许,君彦,必黛
790,穆,里同,玉亚
791,洪,山玉,乌婉
792,郑,希夷,霭薇
793,狄,仁基,卿馥
794,侯,伯当,初蝶
795,寇,世基,道清
796,吕,士宏,夕若
797,尹,新梅,煜婷
798,包,康政,久子
799,王,词奇,安夏
800,宋,禳宜,柳丝
801,秋,断缘,雨珍
802,花,仇血,秋白
803,盛,三毒,冰安
804,祝,万声,初彤
805,江,剑心,凝海
806,陶,老九,映波
807,禹,绝山,怜烟
808,崔,人雄,觅云
809,蒋,万言,飞飞
810,郦,绝义,若男
811,仇,元龙,绾绾
812,曲,绝悟,荧荧
813,蒲,高烽,如娆
814,屈,行天,凡英
815,吉,自中,黎云
816,沈,天抒,清涟
817,童,三问,溪灵
818,祖,元正,惋庭
819,米,非笑,太英
820,柏,百川,藏今
821,项,恩泽,紫烟
822,钮,宏景,阑悦
823,韩,晋鹏,一凤
824,颜,泽洋,小小
825,武,昊强,沛菡
826,谈,君浩,乐菱
827,段,鹤轩,夜蓉
828,龙,伟诚,又菱
829,红,健柏,妙彤
830,汲,熠彤,易烟
831,章,烨霖,向珊
832,董,正豪,海云
833,龚,浩然,绿真
834,杨,源智,若烟
835,白,聪展,平安
836,和,振家,听寒
837,潘,昊焱,凌萱
838,粱,嘉熙,夜蕾
839,程,靖易,念薇
840,秦,代桃,凡旋
841,韶,青寒,微波
842,计,南松,蓓蕾
843,彭,南风,怀蝶
844,罗,青文,冰彤
845,荣,虔纹,涵菡
846,何,柏柳,惜雪
847,郜,一曲,妙菡
848,常,清炎,凡柔
849,昌,涵柏,雅琴
850,席,明兴,海露
851,荀,旭信,冬儿
852,施,犁霄,亦玉
853,蔺,炎利,怜梦
854,查,陌雷,碧琬
855,祁,甘慕,春儿
856,马,穆蛇,檀雅
857,阎,摩星,若翾
858,羊,墨冉,婕珍
859,孔,罗布,昭雪
860,徐,墨承,倩雪
861,平,佐予,玉珍
862,酆,三叉,曦妃
863,贾,天锡,美英
864,於,弥远,屋莺
865,魏,宣缯,晶兰
866,邱,嵩之,淑筠
867,奥,行简,晓萍
868,鲍,合达,馨卿
869,行,宗麟,颖翠
870,惠,了翁,欣蓓
871,戚,楚材,冰瑾
872,闵,天仁,琳宜
873,岳,天古,心榕
874,岑,离辰,巧绿
875,黎,窟耀,紫南
876,甄,神君,水蓉
877,谢,无涯,秀心
878,樊,巧天,淑妮
879,游,龙晗,素素
880,谭,长景,玉华
881,雷,奉托,翠翠
882,鄂,厉风,柳婵
883,邹,仰敢,娥眉
884,温,磊明,越秋
885,牛,几素,彩芸
886,湛,伦思,月美
887,夏,永振,香宜
888,家,革毓,姬菲
889,卓,雍中,凤柔
890,凌,越深,寒妍
891,姬,蓉寒,蕊悦
892,滕,旭彪,苑仪
893,高,彪彬,育雅
894,梅,竞清,乡燕
895,窦,诠楠,曼安
896,霍,须航,如画
897,曹,显东,宝谊
898,聂,子期,筱雨
899,蔡,斯基,漫妮 
900,宓,银川,米苏
901,翟,剑通,妃妍
902,虞,致远,芸爱
903,孙,俊驰,馥亚
904,权,雨泽,穆媛
905,蓝,烨磊,淑蓓
906,廉,晟睿,香姬
907,田,天佑,莎欣
908,符,文昊,蔚琳
909,苏,修洁,瑗婉
910,柯,黎昕,卜姬
911,文,远航,蓉红
912,毕,旭尧,月雪
913,万,鸿涛,如音
914,刘,伟祺,静梅
915,范,荣轩,银月
916,乌,越泽,元瑶
917,封,浩宇,白兰
918,郝,瑾瑜,商秋
919,景,皓轩,雪娇
920,鲁,擎苍,清薇
921,缪,擎宇,海禅
922,佟,炎彬,梦舒
923,史,修杰,飘淑
924,咎,志泽,雁蓉
925,詹,弘文,仙姬
926,韦,峻熙,园婕
927,叔,嘉懿,瑾娜
928,晁,烨伟,彩姬
929,姜,伟泽,欣馥
930,凤,明杰,瑗茜
931,邬,思远,芸月
932,管,浩轩,娅琦
933,钱,语堂,珍莎
934,苗,聪健,亚茗
935,莘,听白,晓瑾
936,戈,半雪,瑗寒
937,安,山柳,茜茗
938,卢,夜白,贝娅
939,吴,莫言,柔莲
940,阮,小凡,玛珍
941,郁,寄凡,愉洁
942,金,冷安,妍姬
943,茹,如天,瑗影
944,经,冬灵,苑英
945,张,沛文,旺婉
946,任,采文,薇淑
947,嵇,天亦,娅颖
948,左,河杰,汝霭
949,于,博福,姬思
950,房,超绍,英婕
951,喻,修明,灵羽
952,袁,君肃,从洁
953,邢,佐旭,娴欣
954,伯,水渊,思眉
955,时,奕世,蓓瑾
956,傅,萧逸,娴环
957,裘,流年,莲婉
958,俞,枫朗,纯菁
959,卞,轩宇,剑姣
960,向,怜花,怡珊
961,幸,清远,阳巧
962,费,奕师,云莲
963,弓,恨天,烟艺
964,裴,亦寒,洁艳
965,焦,南仙,凝雪
966,连,访云,芳美
967,解,青丝,莺雅
968,纪,初南,颖馨
969,薛,平春,翠娥
970,陆,书易,莉馥
971,厉,飞阳,蓉秋
972,齐,问枫,颖玲
973,应,梦安,婉纨
974,骆,如风,辰妍
975,贺,思山,仪凝
976,翁,映天,黛筠
977,汤,尔云,娥柔
978,伍,天晴,娟娥
979,禄,孤松,姬瑞
980,毋,友梅,羽婕
981,芮,念文,馨淑
982,松,亨飞,莲茗
983,后,巢壮,山婉
984,寿,幼柏,密姣
985,邰,以寒,愿若
986,梁,静枫,琬苑
987,宁,怜南,温婉
988,贝,启风,霞韵
989,宫,清利,凡佳
990,东,宵旭,相羽
991,钭,邦天,昭叶
992,奚,散启,馥蕊
993,廖,克裕,宛月
994,简,维超,以旋
995,仰,辉永,语梦
996,宿,人漫,凝雁
997,索,子光,南晴
998,夔,聪宁,影真
999,盍,友岩,由之
1000,暴,雁环,绿柳
1001,却,招拒,雪青
1002,广,余廷,乐瑶
1003,玉,蓐收,友儿
1004,养,勃皇,曼柔
1005,宗政,离仑,语蝶
1006,百里,少昊,青筠
1007,赫连,祀汉,晓槐
1008,东方,天箭,翠容
1009,南宫,铜木,夜白
1010,西门,长邪,灵竹
1011,北山,灵威,元珊
1012,上官,折丹,幻波
1013,轩辕,卓丞,青丝
1014,诸葛,汁光,凌珍
1015,太叔,耳双,小霜
1016,夏侯,强良,空桑
1017,尉迟,春秋,泠萝
1018,闾丘,沙度,九姑
1019,乐正,汗淮,沵桑
1020,司徒,怒飙,天璇
1021,司空,光晟,晨潇
1022,司马,融雪,琳珑
1023,公冶,少典,薇雨
1024,濮阳,远玄,雨婷
1025,欧阳,逢泰,红尘
1026,淳于,涉驮,美娥
1027,宇文,正仪,蕊澜
1028,独孤,长泰,琳馨
1029,公孙,松霖,霭艺
1030,子书,山鹿,娟莲
1031,令狐,朔望,彩娴
1032,长孙,惊羽,芳萍
1033,白玉,誉宏,可兰
1034,谷梁,家青,琛思
1035,钟离,敬壮,荣蕊
1036,慕容,保庆,婵爱
1037,归海,固军,思君
1038,子车,胜富,婉娴
1039,拓跋,窗雁,翠琴
1040,皇甫,键杰,璐露
1041,澹台,侍哲,彩瑗
1042,闻人,篇伯,莉莎
1043,呼延,健聪,淑媛
1044,申屠,进心,瑶玉
1045,仉督,广群,弓滢
1046,端木,并融,青叶
1047,达奚,霜博,霜爱
1048,即墨,胜中,靖巧
1049,木易,净生,绮彤
1050,黑齿,食有,宁瑶
1051,耶律,柏仅,盼烟
1052,完颜,仿江,涵柏
1053,戏阳,庆顺,梦蓉
1054,纥于,欣冼,新柔
1055,纳兰,节光,偌菡
1056,师妃,玛贵,尔岚
1057,弘山,裕刚,慕青
1058,五云,伯胜,忆柳
1059,青山,悟仁,之桃
1060,黄埔,虎剩,梦洁
1061,秋叶,龙象,语冰
1062,奔水,野狐,青璃
1063,多子,凡夜,素琴
1064,千代,水云,云焰
1065,壤四,云天,广媛
1066,脱脱,云淡,璐琦
1067,修鱼,含海,芮卷
1068,猗卢,博利,戎瑾
1069,湛泸,贵辰,雪卉
1070,揭爱,承栋,雅容
1071,斛斯,铁寒,南雨
1072,鲜于,达风,丛容
1073,相里,超士,丝雨
1074,由吾,秤山,芷若
1075,万俟,武辉,念之
1076,空桐,洁可,秋柳
1077,柳下,诚中,宛凝
1078,安期,松行,灵姗
1079,毗卢,义楠,钟秀
1080,念奴,宁振,青缇
1081,危雨,厚富,文清
1082,猗卢,文璧,梅玲
1083,湛泸,资山,无暇
1084,揭爱,麦彪,婕妤
1085,斛斯,贵裕,茜苑
1086,鲜于,士成,诗双
1087,相里,善浩,映真
1088,由吾,杰旭,雅柔
1089,万俟,彪固,沛萍
1090,空桐,壮心,梦菲
1091,柳下,宝兴,寄瑶
1092,安期,思岚,沛儿
1093,毗卢,谦云,谷雪
1094,念奴,璩子,法犸
1095,危雨,古德,朵朵
1096,耶律,枫君,娥容
1097,完颜,松磊,缇娜
1098,戏阳,庆鹏,洛奇
1099,纥于,政康,云芝
1100,纳兰,永斌,萱儿
